alpha,d,n,mse,sem,mode,rate_r,slope
0.5,1,32,0.03749313644268235,0.0009242312446841967,optimal,0.5,-0.5021
0.5,1,64,0.027415202937454274,0.0005904013557935797,optimal,0.5,-0.5021
0.5,1,128,0.018434773652345658,0.0003405956882243488,optimal,0.5,-0.5021
0.5,1,256,0.013347965469225637,0.0002366865094761645,optimal,0.5,-0.5021
0.5,1,512,0.009313964175821685,0.00013709544240171276,optimal,0.5,-0.5021
0.5,1,1024,0.006616069433106113,9.098537638832129e-05,optimal,0.5,-0.5021
0.5,1,2048,0.004772518583233921,6.424383430316947e-05,optimal,0.5,-0.5021
0.5,1,4096,0.0032768622400813087,4.0528146106221396e-05,optimal,0.5,-0.5021
0.5,1,32,0.1332806996024063,0.0028020204744858062,control_too_slow_bandwidth,0.5,-0.1201
0.5,1,64,0.12217967413880096,0.0019259253228768203,control_too_slow_bandwidth,0.5,-0.1201
0.5,1,128,0.11256471815342886,0.0014148287871858923,control_too_slow_bandwidth,0.5,-0.1201
0.5,1,256,0.10543482721755593,0.0009008190079804932,control_too_slow_bandwidth,0.5,-0.1201
0.5,1,512,0.09575397344835046,0.0007102738306037835,control_too_slow_bandwidth,0.5,-0.1201
0.5,1,1024,0.08782313890203898,0.00047819844879721206,control_too_slow_bandwidth,0.5,-0.1201
0.5,1,2048,0.08119934938709042,0.0002516776951274734,control_too_slow_bandwidth,0.5,-0.1201
0.5,1,4096,0.07412002313245972,0.0002038080240253806,control_too_slow_bandwidth,0.5,-0.1201
0.5,2,32,0.11827673319035252,0.004514672712520328,optimal,0.3333,-0.3687
0.5,2,64,0.08657072902306334,0.0026055562781511317,optimal,0.3333,-0.3687
0.5,2,128,0.06498669901210945,0.0015285847159363353,optimal,0.3333,-0.3687
0.5,2,256,0.05144691458301316,0.0010447496883742213,optimal,0.3333,-0.3687
0.5,2,512,0.03910122915643256,0.0007762994104151379,optimal,0.3333,-0.3687
0.5,2,1024,0.02970105607614843,0.0005388237525342219,optimal,0.3333,-0.3687
0.5,2,2048,0.024950786018915268,0.0004154419624683696,optimal,0.3333,-0.3687
0.5,2,4096,0.019478099342200662,0.0003114289392041541,optimal,0.3333,-0.3687
0.5,2,32,0.22294597284490578,0.004180878363768562,control_too_slow_bandwidth,0.3333,-0.0793
0.5,2,64,0.20768908381590423,0.0029083138942359336,control_too_slow_bandwidth,0.3333,-0.0793
0.5,2,128,0.19916187384338083,0.0018964258354159595,control_too_slow_bandwidth,0.3333,-0.0793
0.5,2,256,0.18712456511869927,0.0013174677614404306,control_too_slow_bandwidth,0.3333,-0.0793
0.5,2,512,0.17941287354243934,0.001122788220884984,control_too_slow_bandwidth,0.3333,-0.0793
0.5,2,1024,0.16941634445952652,0.0007349021296141876,control_too_slow_bandwidth,0.3333,-0.0793
0.5,2,2048,0.1588176284647368,0.0005340995216523332,control_too_slow_bandwidth,0.3333,-0.0793
0.5,2,4096,0.1505724722148578,0.00041752423877651045,control_too_slow_bandwidth,0.3333,-0.0793
0.5,3,32,0.5217555794292008,0.31193092440870557,optimal,0.25,-0.4713
0.5,3,64,0.5328462754687713,0.31581642656735737,optimal,0.25,-0.4713
0.5,3,128,0.1261878438477183,0.0043716049147550125,optimal,0.25,-0.4713
0.5,3,256,0.10811375578196096,0.007736028054343641,optimal,0.25,-0.4713
0.5,3,512,0.09141461422622749,0.0039694736019189394,optimal,0.25,-0.4713
0.5,3,1024,0.12103626470422417,0.027756312836546858,optimal,0.25,-0.4713
0.5,3,2048,0.06280657047023047,0.002331265576804018,optimal,0.25,-0.4713
0.5,3,4096,0.049690730234006754,0.002281864132233563,optimal,0.25,-0.4713
0.5,3,32,0.28594120695455905,0.005756166945488169,control_too_slow_bandwidth,0.25,-0.0711
0.5,3,64,0.265266332262904,0.004331851228258144,control_too_slow_bandwidth,0.25,-0.0711
0.5,3,128,0.2457404739383869,0.003088934470392227,control_too_slow_bandwidth,0.25,-0.0711
0.5,3,256,0.23452483957775408,0.0022073588231710252,control_too_slow_bandwidth,0.25,-0.0711
0.5,3,512,0.22722642986961833,0.0014441512758558313,control_too_slow_bandwidth,0.25,-0.0711
0.5,3,1024,0.21787556325977192,0.0012127274351244426,control_too_slow_bandwidth,0.25,-0.0711
0.5,3,2048,0.20774054270229714,0.0007831766720199187,control_too_slow_bandwidth,0.25,-0.0711
0.5,3,4096,0.19940326185460538,0.0005737078811443579,control_too_slow_bandwidth,0.25,-0.0711
1.0,1,32,0.006501020276560565,0.000231800125897766,optimal,0.6667,-0.6745
1.0,1,64,0.004363205294141474,0.00011953548134676027,optimal,0.6667,-0.6745
1.0,1,128,0.002525323133654381,6.1021416544346166e-05,optimal,0.6667,-0.6745
1.0,1,256,0.0016290514657627026,3.6121156541934263e-05,optimal,0.6667,-0.6745
1.0,1,512,0.0010096315561661366,2.177397108906016e-05,optimal,0.6667,-0.6745
1.0,1,1024,0.0006546445331125042,1.3251850926517727e-05,optimal,0.6667,-0.6745
1.0,1,2048,0.0004095895152090467,8.686177554872522e-06,optimal,0.6667,-0.6745
1.0,1,4096,0.00024630905398136913,5.070170017973563e-06,optimal,0.6667,-0.6745
1.0,1,32,0.03074760806846021,0.0012190697627722025,control_too_slow_bandwidth,0.6667,-0.1398
1.0,1,64,0.028894930830532482,0.000646720459416355,control_too_slow_bandwidth,0.6667,-0.1398
1.0,1,128,0.02535954000943343,0.0004907275546820985,control_too_slow_bandwidth,0.6667,-0.1398
1.0,1,256,0.024141872102997064,0.0003056421459478335,control_too_slow_bandwidth,0.6667,-0.1398
1.0,1,512,0.021560742468128172,0.00020039419582592712,control_too_slow_bandwidth,0.6667,-0.1398
1.0,1,1024,0.01951583964069404,0.0001120483075732046,control_too_slow_bandwidth,0.6667,-0.1398
1.0,1,2048,0.017416018078335253,9.300190316630539e-05,control_too_slow_bandwidth,0.6667,-0.1398
1.0,1,4096,0.01568778782125761,5.398518932774604e-05,control_too_slow_bandwidth,0.6667,-0.1398
1.0,2,32,0.023272351419156755,0.0008396665521757857,optimal,0.5,-0.537
1.0,2,64,0.0161315971298387,0.0005012217972903068,optimal,0.5,-0.537
1.0,2,128,0.009996587394096479,0.0002809956821947214,optimal,0.5,-0.537
1.0,2,256,0.007078096689300539,0.00018170499760168752,optimal,0.5,-0.537
1.0,2,512,0.005019756586871392,0.00011474124353270208,optimal,0.5,-0.537
1.0,2,1024,0.0035976110581166553,8.380802801282387e-05,optimal,0.5,-0.537
1.0,2,2048,0.0023914794963482804,4.8298284768289e-05,optimal,0.5,-0.537
1.0,2,4096,0.001700786374604526,3.4701360159980065e-05,optimal,0.5,-0.537
1.0,2,32,0.06501548285858096,0.002063313351749205,control_too_slow_bandwidth,0.5,-0.1117
1.0,2,64,0.059368072932461456,0.0012997351900277854,control_too_slow_bandwidth,0.5,-0.1117
1.0,2,128,0.054205426764610466,0.000951993263253945,control_too_slow_bandwidth,0.5,-0.1117
1.0,2,256,0.05044506463048322,0.0005218947575099809,control_too_slow_bandwidth,0.5,-0.1117
1.0,2,512,0.04699463802141808,0.00041967818514383087,control_too_slow_bandwidth,0.5,-0.1117
1.0,2,1024,0.043867359420377686,0.00030431580887274357,control_too_slow_bandwidth,0.5,-0.1117
1.0,2,2048,0.04055789065702482,0.0002068014935365862,control_too_slow_bandwidth,0.5,-0.1117
1.0,2,4096,0.03728572846307292,0.0001304331029424386,control_too_slow_bandwidth,0.5,-0.1117
1.0,3,32,0.4697158961267305,0.3266426313799695,optimal,0.4,-0.764
1.0,3,64,0.040519174567343816,0.00536883586960943,optimal,0.4,-0.764
1.0,3,128,0.024795700348544274,0.0011522038682461248,optimal,0.4,-0.764
1.0,3,256,0.018257626947242086,0.0006288679777545596,optimal,0.4,-0.764
1.0,3,512,0.011504496236367734,0.0003641989613327008,optimal,0.4,-0.764
1.0,3,1024,0.009187308710070365,0.0003045102738000423,optimal,0.4,-0.764
1.0,3,2048,0.006770668043825116,0.00017043502925612194,optimal,0.4,-0.764
1.0,3,4096,0.004789948205931868,0.00013150199550755078,optimal,0.4,-0.764
1.0,3,32,0.08857603563923548,0.0032223383565154005,control_too_slow_bandwidth,0.4,-0.102
1.0,3,64,0.08014462517925405,0.0023208794097936505,control_too_slow_bandwidth,0.4,-0.102
1.0,3,128,0.0749036956049306,0.0013060792454938218,control_too_slow_bandwidth,0.4,-0.102
1.0,3,256,0.06924269382345659,0.0009744527334934154,control_too_slow_bandwidth,0.4,-0.102
1.0,3,512,0.06478434719049213,0.0007749551603033865,control_too_slow_bandwidth,0.4,-0.102
1.0,3,1024,0.06163741928663078,0.0005093291943655037,control_too_slow_bandwidth,0.4,-0.102
1.0,3,2048,0.05716592154721343,0.0003032832351767408,control_too_slow_bandwidth,0.4,-0.102
1.0,3,4096,0.052954194571373236,0.00024571489489507516,control_too_slow_bandwidth,0.4,-0.102
1.5,1,32,0.00038422666022198715,2.711631448616282e-05,optimal,0.75,-0.7558
1.5,1,64,0.00024016723288110956,2.0375653103988134e-05,optimal,0.75,-0.7558
1.5,1,128,0.00013719807076648967,1.0119237633488597e-05,optimal,0.75,-0.7558
1.5,1,256,7.026862931345118e-05,5.357182883611652e-06,optimal,0.75,-0.7558
1.5,1,512,4.772294303269338e-05,3.7269191435509246e-06,optimal,0.75,-0.7558
1.5,1,1024,2.641084004912827e-05,1.9771434719515605e-06,optimal,0.75,-0.7558
1.5,1,2048,1.670482786658088e-05,1.3567995703848143e-06,optimal,0.75,-0.7558
1.5,1,4096,1.0277405941890962e-05,7.649240561638694e-07,optimal,0.75,-0.7558
1.5,1,32,0.0005485469176454544,6.236127876450084e-05,control_too_slow_bandwidth,0.75,-0.1691
1.5,1,64,0.00035773105810159333,4.050550405842356e-05,control_too_slow_bandwidth,0.75,-0.1691
1.5,1,128,0.0003639703232006593,2.7665747030890313e-05,control_too_slow_bandwidth,0.75,-0.1691
1.5,1,256,0.00027065414596953854,1.787582802575488e-05,control_too_slow_bandwidth,0.75,-0.1691
1.5,1,512,0.0002588984852950076,1.2692378310305859e-05,control_too_slow_bandwidth,0.75,-0.1691
1.5,1,1024,0.0002523040363686773,8.616604644858857e-06,control_too_slow_bandwidth,0.75,-0.1691
1.5,1,2048,0.00023195379737982929,5.523599648763144e-06,control_too_slow_bandwidth,0.75,-0.1691
1.5,1,4096,0.00021571668580047434,3.796066707748166e-06,control_too_slow_bandwidth,0.75,-0.1691
1.5,2,32,0.0018700137120902616,0.0001900526255038467,optimal,0.6,-0.6952
1.5,2,64,0.001204523567443394,9.414945286227052e-05,optimal,0.6,-0.6952
1.5,2,128,0.0006538083806507891,5.253172783942375e-05,optimal,0.6,-0.6952
1.5,2,256,0.0003671709275619445,3.1188189529787765e-05,optimal,0.6,-0.6952
1.5,2,512,0.00024077528466440426,2.033117699324607e-05,optimal,0.6,-0.6952
1.5,2,1024,0.00015697678751700183,1.3053685235396862e-05,optimal,0.6,-0.6952
1.5,2,2048,9.788632115420226e-05,7.628952836529629e-06,optimal,0.6,-0.6952
1.5,2,4096,6.775289031036766e-05,4.792855067884784e-06,optimal,0.6,-0.6952
1.5,2,32,0.0014472072133113717,0.000191441485560971,control_too_slow_bandwidth,0.6,-0.1819
1.5,2,64,0.00110078919824948,0.0001362540038006843,control_too_slow_bandwidth,0.6,-0.1819
1.5,2,128,0.0008651447400746918,8.217821293683183e-05,control_too_slow_bandwidth,0.6,-0.1819
1.5,2,256,0.0007567829347219963,4.594876424183041e-05,control_too_slow_bandwidth,0.6,-0.1819
1.5,2,512,0.0006672679278824232,3.451569535770007e-05,control_too_slow_bandwidth,0.6,-0.1819
1.5,2,1024,0.000635317903174523,2.1321174340262673e-05,control_too_slow_bandwidth,0.6,-0.1819
1.5,2,2048,0.0006023556566537556,1.508023498110576e-05,control_too_slow_bandwidth,0.6,-0.1819
1.5,2,4096,0.0005696482154606637,1.1127231948350321e-05,control_too_slow_bandwidth,0.6,-0.1819
1.5,3,32,0.2012283420340167,0.12100586417140145,optimal,0.5,-1.3254
1.5,3,64,0.04913409441725349,0.015498773682327213,optimal,0.5,-1.3254
1.5,3,128,0.01705551744654154,0.006743113833319938,optimal,0.5,-1.3254
1.5,3,256,0.0037861726199548,0.001075299475472487,optimal,0.5,-1.3254
1.5,3,512,0.001196862007817797,0.00010004592439769426,optimal,0.5,-1.3254
1.5,3,1024,0.0008433455813808284,6.306374313781478e-05,optimal,0.5,-1.3254
1.5,3,2048,0.0004986998356307259,3.694106321318639e-05,optimal,0.5,-1.3254
1.5,3,4096,0.00037239263387734046,3.0284298612849918e-05,optimal,0.5,-1.3254
1.5,3,32,0.003967624186818862,0.0006142281974546033,control_too_slow_bandwidth,0.5,-0.3037
1.5,3,64,0.002838525387458947,0.00034441892883447817,control_too_slow_bandwidth,0.5,-0.3037
1.5,3,128,0.001546692955833752,0.0001519295433225649,control_too_slow_bandwidth,0.5,-0.3037
1.5,3,256,0.0012309701609369607,9.92355189345376e-05,control_too_slow_bandwidth,0.5,-0.3037
1.5,3,512,0.0010972739372193286,6.51573916652467e-05,control_too_slow_bandwidth,0.5,-0.3037
1.5,3,1024,0.0009689378214235534,4.835984633173238e-05,control_too_slow_bandwidth,0.5,-0.3037
1.5,3,2048,0.0009028897243715892,3.515446646709249e-05,control_too_slow_bandwidth,0.5,-0.3037
1.5,3,4096,0.0008935055621022134,2.8549965187152753e-05,control_too_slow_bandwidth,0.5,-0.3037
2.5,1,32,0.000262938320690641,2.2880497451134627e-05,optimal,0.8333,-0.8513
2.5,1,64,0.0001223611510497873,1.0069543517763976e-05,optimal,0.8333,-0.8513
2.5,1,128,8.346491725946483e-05,6.202508794871121e-06,optimal,0.8333,-0.8513
2.5,1,256,4.5540262090297945e-05,3.982886675683837e-06,optimal,0.8333,-0.8513
2.5,1,512,2.3535695379918243e-05,1.8259089949788679e-06,optimal,0.8333,-0.8513
2.5,1,1024,1.3536090628863515e-05,1.0479713608700107e-06,optimal,0.8333,-0.8513
2.5,1,2048,6.999738155651553e-06,5.309630967401028e-07,optimal,0.8333,-0.8513
2.5,1,4096,4.09003181760657e-06,3.324498072935482e-07,optimal,0.8333,-0.8513
2.5,1,32,0.00022400249122525947,3.462392861356281e-05,control_too_slow_bandwidth,0.8333,-0.4976
2.5,1,64,0.00010048514727497638,1.7851123484805388e-05,control_too_slow_bandwidth,0.8333,-0.4976
2.5,1,128,6.093384664997649e-05,1.1302291169384515e-05,control_too_slow_bandwidth,0.8333,-0.4976
2.5,1,256,6.034052282103791e-05,8.913882424271134e-06,control_too_slow_bandwidth,0.8333,-0.4976
2.5,1,512,3.0128637236176946e-05,3.896499679095776e-06,control_too_slow_bandwidth,0.8333,-0.4976
2.5,1,1024,2.2921835138506462e-05,2.5083891794353095e-06,control_too_slow_bandwidth,0.8333,-0.4976
2.5,1,2048,2.2609136451902247e-05,1.634852463104701e-06,control_too_slow_bandwidth,0.8333,-0.4976
2.5,1,4096,1.7394866970536052e-05,1.0704079691898313e-06,control_too_slow_bandwidth,0.8333,-0.4976
2.5,2,32,0.001453469790295142,0.00015052816459887683,optimal,0.7143,-0.8149
2.5,2,64,0.0006070160582081725,5.6513754890799636e-05,optimal,0.7143,-0.8149
2.5,2,128,0.0002894185520936843,2.1798832108717437e-05,optimal,0.7143,-0.8149
2.5,2,256,0.00016191075847149075,1.4143511083037128e-05,optimal,0.7143,-0.8149
2.5,2,512,0.00011443192362485186,1.0341934210613427e-05,optimal,0.7143,-0.8149
2.5,2,1024,6.708981447438355e-05,5.26935696822937e-06,optimal,0.7143,-0.8149
2.5,2,2048,4.123050554685654e-05,3.137231898293678e-06,optimal,0.7143,-0.8149
2.5,2,4096,2.2205988831646286e-05,1.8654660338879744e-06,optimal,0.7143,-0.8149
2.5,2,32,0.000800259118522079,0.0001510187301646506,control_too_slow_bandwidth,0.7143,-0.4979
2.5,2,64,0.0003451292907583376,4.56741064315357e-05,control_too_slow_bandwidth,0.7143,-0.4979
2.5,2,128,0.00020514965782476936,2.6133822246525467e-05,control_too_slow_bandwidth,0.7143,-0.4979
2.5,2,256,0.00012636035580662147,1.8158546596276e-05,control_too_slow_bandwidth,0.7143,-0.4979
2.5,2,512,9.308831559375518e-05,1.2760068101411834e-05,control_too_slow_bandwidth,0.7143,-0.4979
2.5,2,1024,9.403941472356185e-05,8.157000318159988e-06,control_too_slow_bandwidth,0.7143,-0.4979
2.5,2,2048,6.910131311247951e-05,5.13024790172016e-06,control_too_slow_bandwidth,0.7143,-0.4979
2.5,2,4096,5.8573702701033094e-05,2.920919630134915e-06,control_too_slow_bandwidth,0.7143,-0.4979
2.5,3,32,0.00992522386827314,0.0014958000264454015,optimal,0.625,-1.0995
2.5,3,64,0.02819202355844299,0.0071923060704988636,optimal,0.625,-1.0995
2.5,3,128,0.008775239251148457,0.0018428853947385945,optimal,0.625,-1.0995
2.5,3,256,0.0012283437037825444,0.00010902118051278273,optimal,0.625,-1.0995
2.5,3,512,0.0005970208470223425,4.8965713711153894e-05,optimal,0.625,-1.0995
2.5,3,1024,0.0003482925725499261,3.117995829953947e-05,optimal,0.625,-1.0995
2.5,3,2048,0.00023460471117303666,2.0449465835667116e-05,optimal,0.625,-1.0995
2.5,3,4096,0.0001431997859518285,1.2498421070356706e-05,optimal,0.625,-1.0995
2.5,3,32,0.029275480604244054,0.00935915036190242,control_too_slow_bandwidth,0.625,-0.9686
2.5,3,64,0.0012947895210008026,0.00019850739948086384,control_too_slow_bandwidth,0.625,-0.9686
2.5,3,128,0.00045026489283589855,8.303796873803914e-05,control_too_slow_bandwidth,0.625,-0.9686
2.5,3,256,0.0003535379566597727,4.706579196403783e-05,control_too_slow_bandwidth,0.625,-0.9686
2.5,3,512,0.00018003697982396297,2.572105443843654e-05,control_too_slow_bandwidth,0.625,-0.9686
2.5,3,1024,0.00015992153065663212,2.0736579663047298e-05,control_too_slow_bandwidth,0.625,-0.9686
2.5,3,2048,0.00011519293260195572,1.1827302632635234e-05,control_too_slow_bandwidth,0.625,-0.9686
2.5,3,4096,8.965497060006212e-05,6.3118884339615e-06,control_too_slow_bandwidth,0.625,-0.9686
